payment_provider,transaction_count,average_delay_minutes
AIRTELTIGO_MONEY,8368,91.60396749521989
BANK_TRANSFER,8330,89.86134453781513
MASTERCARD,8303,89.78272913404794
MTN_MOMO,8457,90.10157266170037
VISA,8315,90.66770895971136
VODAFONE_CASH,8391,89.1732808961983
